{
  "name": "Lâmia Nobre",
  "type": "monster",
  "img": "icons/svg/mystery-man.svg",
  "system": {
    "odo_id": "",
    "flavor": "Essas criaturas monstruosas são mulheres da cintura para cima e feras da cintura para baixo. Usam dissimulação, uma velocidade mortífera e feitiços para ludibriar o aventureiro incauto que tiver o azar de perambular por seu território.",
    "concept": "Besta",
    "size": "medio",
    "alignment": "caotico",
    "variant": false,
    "description": "<p>As l&acirc;mias nobres geralmente comandam as l&acirc;mias inferiores e governam as regi&otilde;es selvagens e solit&aacute;rias em que habitam. Sua apar&ecirc;ncia, diferentemente das l&acirc;mias comuns, &eacute; a de um homem ou mulher da cintura para cima e de uma serpente gigante da cintura para baixo. Dizem que as l&acirc;mias normais nascem da uni&atilde;o entre duas l&acirc;mias nobres.</p>\n<p>As l&acirc;mias nobres macho empunham espadas curtas e as f&ecirc;meas, por serem mais habilidosas com as artes m&aacute;gicas, n&atilde;o usam armas. Al&eacute;m disso, as l&acirc;mias nobres tamb&eacute;m podem utilizar Drenar Sabedoria.</p>\n<h3 class=\"\">Combate</h3>\n<div id=\"monsterCombat\">\n<ul>\n<li><strong>Drenar Sabedoria</strong>: o toque da l&acirc;mia drena permanentemente 1 ponto de Sabedoria de sua v&iacute;tima. Se a Sabedoria de uma mesma v&iacute;tima cair para menos de 3 pontos, ela obedecer&aacute; tudo que a l&acirc;mia lhe ordenar, o que inclui atacar os pr&oacute;prios companheiros. Se tiver oportunidade, a l&acirc;mia drenar&aacute; a Sabedoria de v&aacute;rias v&iacute;timas ao mesmo tempo, podendo at&eacute; mesmo usar a magia&nbsp;<em>enfeiti&ccedil;ar</em>&nbsp;para complementar essa habilidade.</li>\n<li><strong>Magia</strong>: l&acirc;mias nobres macho podem lan&ccedil;ar magias como um Mago de n&iacute;vel 1d8. J&aacute; as f&ecirc;meas podem lan&ccedil;ar magias como um Mago de n&iacute;vel 2d6+2. As magias individuais ficam a crit&eacute;rio do Mestre. Essas magias podem ser lan&ccedil;adas&nbsp;<em>al&eacute;m</em>&nbsp;daquelas que a l&acirc;mia comum podem lan&ccedil;ar.</li>\n<li><strong>Metamorfose</strong>: l&acirc;mias nobres s&atilde;o capazes de assumir a forma humana. Personagens do 7&ordm; n&iacute;vel t&ecirc;m 5% de chance (1-5 em 1d100) de identificar uma l&acirc;mia em forma humana, e essa chance aumenta em 5% por n&iacute;vel acima do 7&ordm;. Cl&eacute;rigos e Paladinos tem 15% a mais de chance de identific&aacute;-las (p.ex.: um cl&eacute;rigo de 10&ordm; n&iacute;vel teria 35% de chance, isto &eacute;, 1-35 em 1d100, de identificar a l&acirc;mia nobre).</li>\n</ul>\n</div>\n<h3 class=\"\">H&aacute;bitat/Sociedade</h3>\n<div id=\"monsterSociety\">\n<p>As l&acirc;mias habitam em ru&iacute;nas e cavernas situadas em regi&otilde;es &aacute;ridas. Essas criaturas mal&eacute;volas s&atilde;o solit&aacute;rias e se alimentam da carne de quem se aproximar demais de seu territ&oacute;rio. Se n&atilde;o houver carne de humanos ou semi-humanos, elas v&atilde;o ca&ccedil;ar animais. Geralmente n&atilde;o se afastam mais do que 15 quil&ocirc;metros de seu territ&oacute;rio.</p>\n</div>\n<h3 class=\"\">Ecologia</h3>\n<div id=\"monsterEcology\">\n<p>L&acirc;mias s&atilde;o criaturas lend&aacute;rias que protegem lugares ocultos ou objetos de poder. S&atilde;o devotas em espalhar maldade e caos onde habitam.</p>\n</div>",
    "described_attacks": "<ul id=\"monsterAtaques\" class=\"monsterAtk\">\n<li>1 &times;&nbsp;<strong>arma</strong> + 10 (arma + 1)</li>\n</ul>",
    "encounters": "1",
    "encounters_lair": "",
    "xp": 1825,
    "treasure": "d",
    "treasure_lair": "",
    "mv": "8",
    "mvc": "",
    "mve": "",
    "mvn": "",
    "mvv": "",
    "mvo": "",
    "dv": "11",
    "dv_bonus": "",
    "pv": "",
    "ca": "15",
    "jp": "13",
    "mo": "10",
    "url": "",
    "habitat": "Desertos, Subterrâneos",
    "hp": {
      "value": 55,
      "max": 55
    }
  },
  "prototypeToken": {
    "name": "Lâmia",
    "displayName": 0,
    "actorLink": false,
    "appendNumber": false,
    "prependAdjective": false,
    "texture": {
      "src": "icons/svg/mystery-man.svg",
      "scaleX": 1,
      "scaleY": 1,
      "offsetX": 0,
      "offsetY": 0,
      "rotation": 0
    },
    "width": 1,
    "height": 1,
    "lockRotation": false,
    "rotation": 0,
    "alpha": 1,
    "disposition": -1,
    "displayBars": 0,
    "bar1": {
      "attribute": "hp"
    },
    "bar2": {
      "attribute": null
    },
    "light": {
      "alpha": 0.5,
      "angle": 360,
      "bright": 0,
      "coloration": 1,
      "dim": 0,
      "attenuation": 0.5,
      "luminosity": 0.5,
      "saturation": 0,
      "contrast": 0,
      "shadows": 0,
      "animation": {
        "type": null,
        "speed": 5,
        "intensity": 5,
        "reverse": false
      },
      "darkness": {
        "min": 0,
        "max": 1
      }
    },
    "sight": {
      "enabled": false,
      "range": 0,
      "angle": 360,
      "visionMode": "basic",
      "attenuation": 0.1,
      "brightness": 0,
      "saturation": 0,
      "contrast": 0
    },
    "detectionModes": [],
    "flags": {},
    "randomImg": false
  },
  "items": [],
  "effects": [],
  "folder": null,
  "flags": {
    "exportSource": {
      "world": "old-dragon-2",
      "system": "olddragon2e",
      "coreVersion": "11.315",
      "systemVersion": "0.0.22"
    }
  },
  "_stats": {
    "systemId": "olddragon2e",
    "systemVersion": "0.0.22",
    "coreVersion": "11.315",
    "createdTime": 1704577004352,
    "modifiedTime": 1704577254335,
    "lastModifiedBy": "2Cvw5GqYPW2NCfmD"
  }
}