{
  "name": "Lâmia",
  "type": "monster",
  "img": "icons/svg/mystery-man.svg",
  "system": {
    "odo_id": "",
    "flavor": "Essas criaturas monstruosas são mulheres da cintura para cima e feras da cintura para baixo. Usam dissimulação, uma velocidade mortífera e feitiços para ludibriar o aventureiro incauto que tiver o azar de perambular por seu território.",
    "concept": "Besta",
    "size": "medio",
    "alignment": "caotico",
    "variant": false,
    "description": "<h3 class=\"\">Combate</h3>\n<div id=\"monsterCombat\">\n<ul>\n<li><strong>Drenar Sabedoria</strong>: o toque da l&acirc;mia drena permanentemente 1 ponto de Sabedoria de sua v&iacute;tima. Se a Sabedoria de uma mesma v&iacute;tima cair para menos de 3 pontos, ela obedecer&aacute; tudo que a l&acirc;mia lhe ordenar, o que inclui atacar os pr&oacute;prios companheiros. Se tiver oportunidade, a l&acirc;mia drenar&aacute; a Sabedoria de v&aacute;rias v&iacute;timas ao mesmo tempo, podendo at&eacute; mesmo usar a magia&nbsp;<em>enfeiti&ccedil;ar</em>&nbsp;para complementar essa habilidade.</li>\n<li><strong>Magia</strong>: l&acirc;mias podem conjurar as seguintes magias como se fossem do 9&ordm; c&iacute;rculo (cada uma delas&nbsp;<em>uma vez por dia</em>):&nbsp;<em>enfeiti&ccedil;ar pessoas</em>,&nbsp;<em>reflexos</em>,&nbsp;<em>sugest&atilde;o</em>&nbsp;e&nbsp;<em>ilus&atilde;o</em>.</li>\n</ul>\n</div>\n<h3 class=\"\">H&aacute;bitat/Sociedade</h3>\n<div id=\"monsterSociety\">\n<p>As l&acirc;mias habitam em ru&iacute;nas e cavernas situadas em regi&otilde;es &aacute;ridas. Essas criaturas mal&eacute;volas s&atilde;o solit&aacute;rias e se alimentam da carne de quem se aproximar demais de seu territ&oacute;rio. Se n&atilde;o houver carne de humanos ou semi-humanos, elas v&atilde;o ca&ccedil;ar animais. Geralmente n&atilde;o se afastam mais do que 15 quil&ocirc;metros de seu territ&oacute;rio.</p>\n</div>\n<h3 class=\"\">Ecologia</h3>\n<div id=\"monsterEcology\">\n<p>L&acirc;mias s&atilde;o criaturas lend&aacute;rias que protegem lugares ocultos ou objetos de poder. S&atilde;o devotas em espalhar maldade e caos onde habitam.</p>\n</div>",
    "described_attacks": "<ul id=\"monsterAtaques\" class=\"monsterAtk\">\n<li>1 &times;&nbsp;<strong>arma</strong> + 10 (arma + 1)</li>\n</ul>",
    "encounters": "1",
    "encounters_lair": "",
    "xp": 1075,
    "treasure": "d",
    "treasure_lair": "",
    "mv": "16",
    "mvc": "",
    "mve": "",
    "mvn": "",
    "mvv": "",
    "mvo": "",
    "dv": "9",
    "dv_bonus": "",
    "pv": "",
    "ca": "16",
    "jp": "12",
    "mo": "10",
    "url": "",
    "habitat": "Desertos, Subterrâneos",
    "hp": {
      "value": 45,
      "max": 45
    }
  },
  "prototypeToken": {
    "name": "Lâmia",
    "displayName": 0,
    "actorLink": false,
    "appendNumber": false,
    "prependAdjective": false,
    "texture": {
      "src": "icons/svg/mystery-man.svg",
      "scaleX": 1,
      "scaleY": 1,
      "offsetX": 0,
      "offsetY": 0,
      "rotation": 0
    },
    "width": 1,
    "height": 1,
    "lockRotation": false,
    "rotation": 0,
    "alpha": 1,
    "disposition": -1,
    "displayBars": 0,
    "bar1": {
      "attribute": "hp"
    },
    "bar2": {
      "attribute": null
    },
    "light": {
      "alpha": 0.5,
      "angle": 360,
      "bright": 0,
      "coloration": 1,
      "dim": 0,
      "attenuation": 0.5,
      "luminosity": 0.5,
      "saturation": 0,
      "contrast": 0,
      "shadows": 0,
      "animation": {
        "type": null,
        "speed": 5,
        "intensity": 5,
        "reverse": false
      },
      "darkness": {
        "min": 0,
        "max": 1
      }
    },
    "sight": {
      "enabled": false,
      "range": 0,
      "angle": 360,
      "visionMode": "basic",
      "attenuation": 0.1,
      "brightness": 0,
      "saturation": 0,
      "contrast": 0
    },
    "detectionModes": [],
    "flags": {},
    "randomImg": false
  },
  "items": [],
  "effects": [],
  "folder": null,
  "flags": {
    "exportSource": {
      "world": "old-dragon-2",
      "system": "olddragon2e",
      "coreVersion": "11.315",
      "systemVersion": "0.0.22"
    }
  },
  "_stats": {
    "systemId": "olddragon2e",
    "systemVersion": "0.0.22",
    "coreVersion": "11.315",
    "createdTime": 1704577004352,
    "modifiedTime": 1704577152611,
    "lastModifiedBy": "2Cvw5GqYPW2NCfmD"
  }
}