{
  "name": "Beemote",
  "type": "monster",
  "img": "icons/svg/mystery-man.svg",
  "system": {
    "odo_id": "",
    "flavor": "Criatura que se assemelha a uma baleia orca, porém é terrestre e possui pernas. Apesar de serem predadores ferozes e não temerem os homens, são criaturas raras.",
    "concept": "Animal",
    "size": "colossal",
    "alignment": "neutro",
    "variant": false,
    "description": "<h3 class=\"\">Combate</h3>\n<div id=\"monsterCombat\">\n<ul>\n<li><strong>Emboscar</strong>: os beemotes sempre v&atilde;o preferir emboscar sua v&iacute;tima, e tem uma chance de 1-3 em 1d6 de surpreender suas v&iacute;timas.</li>\n</ul>\n</div>\n<h3 class=\"\">H&aacute;bitat/Sociedade</h3>\n<div id=\"monsterSociety\">\n<p>Os beemotes s&atilde;o carn&iacute;voros vorazes, e o territ&oacute;rio de cada um deles consiste em &aacute;reas de 250 quil&ocirc;metros quadrados; numa &aacute;rea menor talvez faltasse alimento a eles. Eles defendem seus territ&oacute;rios com unhas e dentes, principalmente contra indiv&iacute;duos de sua pr&oacute;pria esp&eacute;cie</p>\n</div>\n<h3 class=\"\">Ecologia</h3>\n<div id=\"monsterEcology\">\n<p>Beemotes comem qualquer animal, at&eacute; mesmo outros carn&iacute;voros. S&atilde;o bastante r&aacute;pidos e utilizar&atilde;o suas habilidades aqu&aacute;ticas para conseguir presa.</p>\n</div>",
    "described_attacks": "<ul id=\"monsterAtaques\" class=\"monsterAtk\">\n<li>1 &times;&nbsp;<strong>mordida</strong> + 14 (4d12)</li>\n</ul>",
    "encounters": "1",
    "encounters_lair": "",
    "xp": 3425,
    "treasure": "",
    "treasure_lair": "",
    "mv": "12",
    "mvc": "",
    "mve": "",
    "mvn": "18",
    "mvv": "",
    "mvo": "",
    "dv": "16",
    "dv_bonus": "",
    "pv": "",
    "ca": "16",
    "jp": "14",
    "mo": "10",
    "url": "",
    "habitat": "Florestas, Planícies",
    "hp": {
      "value": 80,
      "max": 80
    }
  },
  "prototypeToken": {
    "name": "Beemote",
    "displayName": 0,
    "actorLink": false,
    "appendNumber": false,
    "prependAdjective": false,
    "texture": {
      "src": "icons/svg/mystery-man.svg",
      "scaleX": 1,
      "scaleY": 1,
      "offsetX": 0,
      "offsetY": 0,
      "rotation": 0
    },
    "width": 1,
    "height": 1,
    "lockRotation": false,
    "rotation": 0,
    "alpha": 1,
    "disposition": -1,
    "displayBars": 0,
    "bar1": {
      "attribute": "hp"
    },
    "bar2": {
      "attribute": null
    },
    "light": {
      "alpha": 0.5,
      "angle": 360,
      "bright": 0,
      "coloration": 1,
      "dim": 0,
      "attenuation": 0.5,
      "luminosity": 0.5,
      "saturation": 0,
      "contrast": 0,
      "shadows": 0,
      "animation": {
        "type": null,
        "speed": 5,
        "intensity": 5,
        "reverse": false
      },
      "darkness": {
        "min": 0,
        "max": 1
      }
    },
    "sight": {
      "enabled": false,
      "range": 0,
      "angle": 360,
      "visionMode": "basic",
      "attenuation": 0.1,
      "brightness": 0,
      "saturation": 0,
      "contrast": 0
    },
    "detectionModes": [],
    "flags": {},
    "randomImg": false
  },
  "items": [],
  "effects": [],
  "folder": null,
  "flags": {
    "exportSource": {
      "world": "old-dragon-2",
      "system": "olddragon2e",
      "coreVersion": "11.315",
      "systemVersion": "0.0.22"
    }
  },
  "_stats": {
    "systemId": "olddragon2e",
    "systemVersion": "0.0.22",
    "coreVersion": "11.315",
    "createdTime": 1704575877517,
    "modifiedTime": 1704576324123,
    "lastModifiedBy": "2Cvw5GqYPW2NCfmD"
  }
}